;title;artist;genres;duration;explicit_content
0;Didn't We Almost Have It All;Whitney Houston;['R&B'];274.0;0.0
1;Here I Go Again;Whitesnake;['Rock'];232.0;0.0
2;Lost In Emotion;Lisa Lisa And Cult Jam;['Dance'];306.0;0.0
3;"I Heard A Rumour (From ""Disorderlies"")";Bananarama;[];;
4;Carrie;Europe;['Pop'];270.0;0.0
5;U Got The Look;Prince;['Pop'];227.0;0.0
6;Who Will You Run To;Heart;['Rock'];246.0;0.0
7;When Smokey Sings;ABC;['Pop'];258.0;0.0
8;Paper In Fire;John Mellencamp;['Rock'];231.0;0.0
9;One Heartbeat;Smokey Robinson;['Pop'];242.0;0.0
10;Casanova;Levert;['R&B'];262.0;0.0
11;I Just Can't Stop Loving You;Michael Jackson With Siedah Garrett;[];;
12;Jump Start;Natalie Cole;['Pop'];388.0;0.0
13;Causing A Commotion;Madonna;['Pop'];261.0;0.0
14;Let Me Be The One;Expose;['Pop'];249.0;0.0
15;Bad;Michael Jackson;['Pop', 'Pop internationale', 'Rock'];247.0;0.0
16;Touch Of Grey;Grateful Dead;['Rock'];347.0;0.0
17;Wipeout;Fat Boys & The Beach Boys;['Pop'];239.0;0.0
18;Little Lies;Fleetwood Mac;['Pop'];218.0;0.0
19;La Bamba;Los Lobos;['Pop'];175.0;0.0
20;I Think We're Alone Now;Tiffany;['Pop'];226.0;0.0
21;Can't We Try;Dan Hill (Duet With Vonda Shepard);[];;
22;You Are The Girl;The Cars;['Pop'];235.0;0.0
23;Mony Mony;Billy Idol;['Rock'];300.0;0.0
24;Doing It All For My Baby;Huey Lewis & The News;['Rock'];219.0;0.0
25;Breakout;Swing Out Sister;['Pop'];226.0;0.0
26;Fake;Alexander O'Neal;['R&B'];235.0;0.0
27;Never Let Me Down;David Bowie;['Rock'];245.0;0.0
28;In My Dreams;REO Speedwagon;['Pop'];270.0;0.0
29;It's A Sin;Pet Shop Boys;['Dance'];301.0;0.0
30;Only In My Dreams;Debbie Gibson;['Pop'];236.0;0.0
31;Victim Of Love;Bryan Adams;['Pop'];247.0;0.0
32;I Need Love;LL Cool J;['Pop'];321.0;0.0
33;Something Real (Inside Me/Inside You);Mr. Mister;['Pop'];261.0;0.0
34;Where The Streets Have No Name;U2;['Rock'];275.0;0.0
35;Don't Make Me Wait For Love;Kenny G. (Vocal By Lenny Williams);[];;
36;Who Found Who;Jellybean Featuring Elisa Fiorillo;['Pop'];289.0;0.0
37;I've Been In Love Before;Cutting Crew;['Rock'];308.0;0.0
38;Don't Look Down - The Sequel;Go West;['Pop'];259.0;0.0
39;Brilliant Disguise;Bruce Springsteen;['Rock'];254.0;0.0
40;Rock Steady;The Whispers;['R&B', 'R&B vieille école', 'Soul'];310.0;0.0
41;Holiday;The Other Ones;['Pop'];213.0;0.0
42;Notorious;Loverboy;['Pop'];279.0;0.0
43;Don't Mean Nothing;Richard Marx;['Pop'];281.0;0.0
44;Who's That Girl;Madonna;['Pop'];239.0;0.0
45;Let's Work;Mick Jagger;['Rock'];291.0;0.0
46;I Won't Forget You;Poison;['Rock'];214.0;0.0
47;Dinner With Gershwin;Donna Summer;['Pop'];280.0;0.0
48;Silent Morning;Noel;['Electro'];264.0;0.0
49;Misfit;Curiosity Killed The Cat;['Pop'];241.0;0.0
50;Should've Known Better;Richard Marx;['Pop'];252.0;0.0
51;Come On, Let's Go;Los Lobos;['Pop'];131.0;0.0
52;Betcha Say That;Gloria Estefan & Miami Sound Machine;['Pop'];279.0;0.0
53;(I've Had) The Time Of My Life;Bill Medley & Jennifer Warnes;['Films/Jeux vidéo', 'Musiques de films'];290.0;0.0
54;No One In The World;Anita Baker;['Pop'];246.0;0.0
55;Heaven Is A Place On Earth;Belinda Carlisle;['Pop'];246.0;0.0
56;The One I Love;R.E.M.;['Alternative'];197.0;0.0
57;Hourglass;Squeeze;['Rock'];199.0;0.0
58;Heart And Soul;T'Pau;['Rock'];257.0;0.0
59;Rock Me;Great White;['Rock'];439.0;0.0
60;"I Want Your Sex (From ""Beverly Hills Cop II"")";George Michael;[];;
61;Boys Night Out;Timothy B. Schmit;[];;
62;Love Is Contagious;Taja Sevelle;['Pop'];277.0;0.0
63;Sugar Free;Wa Wa Nee;['Pop'];269.0;0.0
64;Mary's Prayer;Danny Wilson;['Rock'];234.0;0.0
65;That's What Love Is All About;Michael Bolton;['Pop'];237.0;0.0
66;Oh Yeah;Yello;['Pop'];185.0;0.0
67;One Lover At A Time;Atlantic Starr;['Pop'];240.0;0.0
68;Beat Patrol;Starship;['Rock'];265.0;0.0
69;Love Power;Dionne Warwick & Jeffrey Osborne;['Pop'];273.0;0.0
70;Making Love In The Rain;Herb Alpert;['Jazz'];354.0;0.0
71;I Don't Think That Man Should Sleep Alone;Ray Parker Jr.;['R&B'];254.0;0.0
72;"Catch Me (I'm Falling) (From The Film ""Hiding Out"")";Pretty Poison;[];;
73;Waterfall;Wendy And Lisa;['Pop'];303.0;0.0
74;You Win Again;Bee Gees;['Pop'];243.0;0.0
75;Love Will Find A Way;Yes;['Rock'];289.0;0.0
76;Shake Your Love;Debbie Gibson;['Pop', 'Rock'];222.0;0.0
77;Satellite;Hooters;['Pop'];257.0;0.0
78;Love Is A House;Force M.D.'s;['R&B', 'Soul'];308.0;0.0
79;Don't You Want Me;Jody Watley;['R&B'];253.0;0.0
80;Follow You;Glen Burtnick;[];;
81;Don't Lose Any Sleep;John Waite;['Pop'];227.0;0.0
82;Dreamin';Will To Power;['R&B'];249.0;0.0
83;Dude (Looks Like A Lady);Aerosmith;['Rock'];265.0;0.0
84;Luka;Suzanne Vega;['Rock'];231.0;0.0
85;Back In The High Life Again;Steve Winwood;['Rock'];335.0;0.0
86;Crazy Crazy Nights;KISS;['Rock'];227.0;0.0
87;I Still Haven't Found What I'm Looking For;U2;['Rock'];277.0;0.0
88;Heart And Soul;The Monkees;['Pop'];235.0;0.0
89;It's Not Over ('til It's Over);Starship;['Pop'];254.0;0.0
90;Give To Live;Sammy Hagar;['Rock'];264.0;0.0
91;Happy Together;The Nylons;['Pop'];169.0;0.0
92;Rev It Up;Newcity Rockers;[];;
93;He's My Girl;David Hallyday;['Pop'];229.0;0.0
94;We Should Be Sleeping;Eddie Money;['Pop'];241.0;0.0
95;"Back To Paradise (From ""Revenge Of The Nerds II"")";Thirty Eight Special;[];;
96;These Times Are Hard For Lovers;John Waite;['Pop'];255.0;0.0
97;Heartache;Pepsi & Shirlie;['Pop'];217.0;0.0
98;Alone;Heart;['Rock'];218.0;0.0
99;"Be There (From ""Beverly Hills Cop II"")";The Pointer Sisters;[];;
